FROM,BYTES,PROTOCOL,ID,GEN_TIME,REC_TIME,BODY
car1,413,CAM,201,10.1,10.2,"{'station_id': 0.5136143951158503, 'leader': None, 'speed': 5.0, 'station_characteristics': {'mobile_its_station': False, 'private_its_station': False, 'physical_relevant_its_station': False}, 'reference_position': {'lane': 1, 'position': [50.44, -1.6, 0], 'elevation': 0, 'heading': 0}}"
car1,413,CAM,203,10.2,10.3,"{'station_id': 0.596748419888074, 'leader': None, 'speed': 5.0, 'station_characteristics': {'mobile_its_station': False, 'private_its_station': False, 'physical_relevant_its_station': False}, 'reference_position': {'lane': 1, 'position': [50.94, -1.6, 0], 'elevation': 0, 'heading': 0}}"
car1,413,CAM,205,10.3,10.4,"{'station_id': 0.5011521960520866, 'leader': None, 'speed': 5.0, 'station_characteristics': {'mobile_its_station': False, 'private_its_station': False, 'physical_relevant_its_station': False}, 'reference_position': {'lane': 1, 'position': [51.44, -1.6, 0], 'elevation': 0, 'heading': 0}}"
car1,414,CAM,207,10.4,10.5,"{'station_id': 0.08468096045202145, 'leader': None, 'speed': 5.0, 'station_characteristics': {'mobile_its_station': False, 'private_its_station': False, 'physical_relevant_its_station': False}, 'reference_position': {'lane': 1, 'position': [51.94, -1.6, 0], 'elevation': 0, 'heading': 0}}"
car1,413,CAM,211,10.6,10.7,"{'station_id': 0.42280931822200096, 'leader': None, 'speed': 5.0, 'station_characteristics': {'mobile_its_station': False, 'private_its_station': False, 'physical_relevant_its_station': False}, 'reference_position': {'lane': 1, 'position': [52.94, -1.6, 0], 'elevation': 0, 'heading': 0}}"
car1,413,CAM,213,10.7,10.8,"{'station_id': 0.4801499262297543, 'leader': None, 'speed': 5.0, 'station_characteristics': {'mobile_its_station': False, 'private_its_station': False, 'physical_relevant_its_station': False}, 'reference_position': {'lane': 1, 'position': [53.44, -1.6, 0], 'elevation': 0, 'heading': 0}}"
car1,414,CAM,215,10.8,10.9,"{'station_id': 0.9646858469107258, 'leader': None, 'speed': 5.0, 'station_characteristics': {'mobile_its_station': False, 'private_its_station': False, 'physical_relevant_its_station': False}, 'reference_position': {'lane': 1, 'position': [53.94, -1.6, 0], 'elevation': 0, 'heading': 0}}"
car1,413,CAM,217,10.9,11.0,"{'station_id': 0.9414749214892829, 'leader': None, 'speed': 5.0, 'station_characteristics': {'mobile_its_station': False, 'private_its_station': False, 'physical_relevant_its_station': False}, 'reference_position': {'lane': 1, 'position': [54.44, -1.6, 0], 'elevation': 0, 'heading': 0}}"
car1,413,CAM,221,11.1,11.2,"{'station_id': 0.8382882204624393, 'leader': None, 'speed': 5.0, 'station_characteristics': {'mobile_its_station': False, 'private_its_station': False, 'physical_relevant_its_station': False}, 'reference_position': {'lane': 1, 'position': [55.44, -1.6, 0], 'elevation': 0, 'heading': 0}}"
car1,415,CAM,223,11.2,11.2,"{'station_id': 0.40812685206812893, 'leader': None, 'speed': 5.0, 'station_characteristics': {'mobile_its_station': False, 'private_its_station': False, 'physical_relevant_its_station': False}, 'reference_position': {'lane': 1, 'position': [55.94, -1.6, 0], 'elevation': 0, 'heading': 0}}"
car1,413,CAM,225,11.3,11.4,"{'station_id': 0.9280688504403517, 'leader': None, 'speed': 5.0, 'station_characteristics': {'mobile_its_station': False, 'private_its_station': False, 'physical_relevant_its_station': False}, 'reference_position': {'lane': 1, 'position': [56.44, -1.6, 0], 'elevation': 0, 'heading': 0}}"
car1,412,CAM,227,11.4,11.5,"{'station_id': 0.9700588295261183, 'leader': None, 'speed': 5.0, 'station_characteristics': {'mobile_its_station': False, 'private_its_station': False, 'physical_relevant_its_station': False}, 'reference_position': {'lane': 1, 'position': [56.94, -1.6, 0], 'elevation': 0, 'heading': 0}}"
car1,414,CAM,229,11.5,11.6,"{'station_id': 0.33001218574867086, 'leader': None, 'speed': 5.0, 'station_characteristics': {'mobile_its_station': False, 'private_its_station': False, 'physical_relevant_its_station': False}, 'reference_position': {'lane': 1, 'position': [57.44, -1.6, 0], 'elevation': 0, 'heading': 0}}"
car1,413,CAM,231,11.6,11.7,"{'station_id': 0.7391422299039249, 'leader': None, 'speed': 5.0, 'station_characteristics': {'mobile_its_station': False, 'private_its_station': False, 'physical_relevant_its_station': False}, 'reference_position': {'lane': 1, 'position': [57.94, -1.6, 0], 'elevation': 0, 'heading': 0}}"
car1,414,CAM,233,11.7,11.8,"{'station_id': 0.536823422800618, 'leader': None, 'speed': 5.0, 'station_characteristics': {'mobile_its_station': False, 'private_its_station': False, 'physical_relevant_its_station': False}, 'reference_position': {'lane': 1, 'position': [58.44, -1.6, 0], 'elevation': 0, 'heading': 0}}"
car1,414,CAM,237,11.9,12.0,"{'station_id': 0.15812389571799268, 'leader': None, 'speed': 5.0, 'station_characteristics': {'mobile_its_station': False, 'private_its_station': False, 'physical_relevant_its_station': False}, 'reference_position': {'lane': 1, 'position': [59.44, -1.6, 0], 'elevation': 0, 'heading': 0}}"
car1,412,CAM,239,12.0,12.1,"{'station_id': 0.2629824532603777, 'leader': None, 'speed': 5.0, 'station_characteristics': {'mobile_its_station': False, 'private_its_station': False, 'physical_relevant_its_station': False}, 'reference_position': {'lane': 1, 'position': [59.94, -1.6, 0], 'elevation': 0, 'heading': 0}}"
car1,414,CAM,241,12.1,12.2,"{'station_id': 0.23665418161751073, 'leader': None, 'speed': 5.0, 'station_characteristics': {'mobile_its_station': False, 'private_its_station': False, 'physical_relevant_its_station': False}, 'reference_position': {'lane': 1, 'position': [60.44, -1.6, 0], 'elevation': 0, 'heading': 0}}"
car1,412,CAM,243,12.2,12.3,"{'station_id': 0.6378733069347653, 'leader': None, 'speed': 5.0, 'station_characteristics': {'mobile_its_station': False, 'private_its_station': False, 'physical_relevant_its_station': False}, 'reference_position': {'lane': 1, 'position': [60.94, -1.6, 0], 'elevation': 0, 'heading': 0}}"
car1,414,CAM,245,12.3,12.4,"{'station_id': 0.913233035380298, 'leader': None, 'speed': 5.0, 'station_characteristics': {'mobile_its_station': False, 'private_its_station': False, 'physical_relevant_its_station': False}, 'reference_position': {'lane': 1, 'position': [61.44, -1.6, 0], 'elevation': 0, 'heading': 0}}"
car1,413,CAM,247,12.4,12.5,"{'station_id': 0.9656763818597356, 'leader': None, 'speed': 5.0, 'station_characteristics': {'mobile_its_station': False, 'private_its_station': False, 'physical_relevant_its_station': False}, 'reference_position': {'lane': 1, 'position': [61.94, -1.6, 0], 'elevation': 0, 'heading': 0}}"
car1,414,CAM,249,12.5,12.6,"{'station_id': 0.7408546367538568, 'leader': None, 'speed': 5.0, 'station_characteristics': {'mobile_its_station': False, 'private_its_station': False, 'physical_relevant_its_station': False}, 'reference_position': {'lane': 1, 'position': [62.44, -1.6, 0], 'elevation': 0, 'heading': 0}}"
car1,413,CAM,251,12.6,12.7,"{'station_id': 0.6612435295337111, 'leader': None, 'speed': 5.0, 'station_characteristics': {'mobile_its_station': False, 'private_its_station': False, 'physical_relevant_its_station': False}, 'reference_position': {'lane': 1, 'position': [62.94, -1.6, 0], 'elevation': 0, 'heading': 0}}"
car1,413,CAM,253,12.7,12.8,"{'station_id': 0.1448673194800305, 'leader': None, 'speed': 5.0, 'station_characteristics': {'mobile_its_station': False, 'private_its_station': False, 'physical_relevant_its_station': False}, 'reference_position': {'lane': 1, 'position': [63.44, -1.6, 0], 'elevation': 0, 'heading': 0}}"
car1,413,CAM,255,12.8,12.9,"{'station_id': 0.583906604365699, 'leader': None, 'speed': 5.0, 'station_characteristics': {'mobile_its_station': False, 'private_its_station': False, 'physical_relevant_its_station': False}, 'reference_position': {'lane': 1, 'position': [63.94, -1.6, 0], 'elevation': 0, 'heading': 0}}"
car1,413,CAM,257,12.9,13.0,"{'station_id': 0.38916420798269635, 'leader': None, 'speed': 5.0, 'station_characteristics': {'mobile_its_station': False, 'private_its_station': False, 'physical_relevant_its_station': False}, 'reference_position': {'lane': 1, 'position': [64.44, -1.6, 0], 'elevation': 0, 'heading': 0}}"
car1,414,CAM,259,13.0,13.1,"{'station_id': 0.29527395197520157, 'leader': None, 'speed': 5.0, 'station_characteristics': {'mobile_its_station': False, 'private_its_station': False, 'physical_relevant_its_station': False}, 'reference_position': {'lane': 1, 'position': [64.94, -1.6, 0], 'elevation': 0, 'heading': 0}}"
car1,415,CAM,261,13.1,13.2,"{'station_id': 0.7249509206231437, 'leader': None, 'speed': 5.0, 'station_characteristics': {'mobile_its_station': False, 'private_its_station': False, 'physical_relevant_its_station': False}, 'reference_position': {'lane': 1, 'position': [65.44, -1.6, 0], 'elevation': 0, 'heading': 0}}"
car1,413,CAM,263,13.2,13.3,"{'station_id': 0.5687281584063681, 'leader': None, 'speed': 5.0, 'station_characteristics': {'mobile_its_station': False, 'private_its_station': False, 'physical_relevant_its_station': False}, 'reference_position': {'lane': 1, 'position': [65.94, -1.6, 0], 'elevation': 0, 'heading': 0}}"
car1,414,CAM,265,13.3,13.4,"{'station_id': 0.8388251317095768, 'leader': None, 'speed': 5.0, 'station_characteristics': {'mobile_its_station': False, 'private_its_station': False, 'physical_relevant_its_station': False}, 'reference_position': {'lane': 1, 'position': [66.44, -1.6, 0], 'elevation': 0, 'heading': 0}}"
car1,413,CAM,267,13.4,13.5,"{'station_id': 0.7525588715499715, 'leader': None, 'speed': 5.0, 'station_characteristics': {'mobile_its_station': False, 'private_its_station': False, 'physical_relevant_its_station': False}, 'reference_position': {'lane': 1, 'position': [66.94, -1.6, 0], 'elevation': 0, 'heading': 0}}"
car1,413,CAM,269,13.5,13.6,"{'station_id': 0.8586577732353272, 'leader': None, 'speed': 5.0, 'station_characteristics': {'mobile_its_station': False, 'private_its_station': False, 'physical_relevant_its_station': False}, 'reference_position': {'lane': 1, 'position': [67.44, -1.6, 0], 'elevation': 0, 'heading': 0}}"
car1,413,CAM,273,13.7,13.8,"{'station_id': 0.2502969843874613, 'leader': None, 'speed': 5.0, 'station_characteristics': {'mobile_its_station': False, 'private_its_station': False, 'physical_relevant_its_station': False}, 'reference_position': {'lane': 1, 'position': [68.44, -1.6, 0], 'elevation': 0, 'heading': 0}}"
car1,414,CAM,275,13.8,13.9,"{'station_id': 0.6144749465995881, 'leader': None, 'speed': 5.0, 'station_characteristics': {'mobile_its_station': False, 'private_its_station': False, 'physical_relevant_its_station': False}, 'reference_position': {'lane': 1, 'position': [68.94, -1.6, 0], 'elevation': 0, 'heading': 0}}"
car1,413,CAM,279,14.0,14.1,"{'station_id': 0.6374687309549681, 'leader': None, 'speed': 5.0, 'station_characteristics': {'mobile_its_station': False, 'private_its_station': False, 'physical_relevant_its_station': False}, 'reference_position': {'lane': 1, 'position': [69.94, -1.6, 0], 'elevation': 0, 'heading': 0}}"
car1,414,CAM,283,14.2,14.3,"{'station_id': 0.7294675266636444, 'leader': None, 'speed': 5.0, 'station_characteristics': {'mobile_its_station': False, 'private_its_station': False, 'physical_relevant_its_station': False}, 'reference_position': {'lane': 1, 'position': [70.94, -1.6, 0], 'elevation': 0, 'heading': 0}}"
car1,414,CAM,287,14.4,14.5,"{'station_id': 0.3374475555926034, 'leader': None, 'speed': 5.0, 'station_characteristics': {'mobile_its_station': False, 'private_its_station': False, 'physical_relevant_its_station': False}, 'reference_position': {'lane': 1, 'position': [71.94, -1.6, 0], 'elevation': 0, 'heading': 0}}"
car1,413,CAM,289,14.5,14.6,"{'station_id': 0.6823155654965808, 'leader': None, 'speed': 5.0, 'station_characteristics': {'mobile_its_station': False, 'private_its_station': False, 'physical_relevant_its_station': False}, 'reference_position': {'lane': 1, 'position': [72.44, -1.6, 0], 'elevation': 0, 'heading': 0}}"
car1,413,CAM,291,14.6,14.7,"{'station_id': 0.7113958288868879, 'leader': None, 'speed': 5.0, 'station_characteristics': {'mobile_its_station': False, 'private_its_station': False, 'physical_relevant_its_station': False}, 'reference_position': {'lane': 1, 'position': [72.94, -1.6, 0], 'elevation': 0, 'heading': 0}}"
car1,412,CAM,295,14.8,14.9,"{'station_id': 0.8385725514411179, 'leader': None, 'speed': 5.0, 'station_characteristics': {'mobile_its_station': False, 'private_its_station': False, 'physical_relevant_its_station': False}, 'reference_position': {'lane': 1, 'position': [73.94, -1.6, 0], 'elevation': 0, 'heading': 0}}"
car1,413,CAM,297,14.9,15.0,"{'station_id': 0.40296819956813223, 'leader': None, 'speed': 5.0, 'station_characteristics': {'mobile_its_station': False, 'private_its_station': False, 'physical_relevant_its_station': False}, 'reference_position': {'lane': 1, 'position': [74.44, -1.6, 0], 'elevation': 0, 'heading': 0}}"
car1,414,CAM,299,15.0,15.1,"{'station_id': 0.7053310496597823, 'leader': None, 'speed': 5.0, 'station_characteristics': {'mobile_its_station': False, 'private_its_station': False, 'physical_relevant_its_station': False}, 'reference_position': {'lane': 1, 'position': [74.94, -1.6, 0], 'elevation': 0, 'heading': 0}}"
car1,413,CAM,301,15.1,15.2,"{'station_id': 0.706295470887537, 'leader': None, 'speed': 5.0, 'station_characteristics': {'mobile_its_station': False, 'private_its_station': False, 'physical_relevant_its_station': False}, 'reference_position': {'lane': 1, 'position': [75.44, -1.6, 0], 'elevation': 0, 'heading': 0}}"
car1,413,CAM,303,15.2,15.3,"{'station_id': 0.23678143901438975, 'leader': None, 'speed': 5.0, 'station_characteristics': {'mobile_its_station': False, 'private_its_station': False, 'physical_relevant_its_station': False}, 'reference_position': {'lane': 1, 'position': [75.94, -1.6, 0], 'elevation': 0, 'heading': 0}}"
car1,413,CAM,305,15.3,15.4,"{'station_id': 0.57656454985714, 'leader': None, 'speed': 5.0, 'station_characteristics': {'mobile_its_station': False, 'private_its_station': False, 'physical_relevant_its_station': False}, 'reference_position': {'lane': 1, 'position': [76.44, -1.6, 0], 'elevation': 0, 'heading': 0}}"
car1,414,CAM,307,15.4,15.5,"{'station_id': 0.4966982667116798, 'leader': None, 'speed': 5.0, 'station_characteristics': {'mobile_its_station': False, 'private_its_station': False, 'physical_relevant_its_station': False}, 'reference_position': {'lane': 1, 'position': [76.94, -1.6, 0], 'elevation': 0, 'heading': 0}}"
car1,413,CAM,309,15.5,15.6,"{'station_id': 0.9218158363038501, 'leader': None, 'speed': 5.0, 'station_characteristics': {'mobile_its_station': False, 'private_its_station': False, 'physical_relevant_its_station': False}, 'reference_position': {'lane': 1, 'position': [77.44, -1.6, 0], 'elevation': 0, 'heading': 0}}"
car1,414,CAM,311,15.6,15.7,"{'station_id': 0.4633499713385546, 'leader': None, 'speed': 5.0, 'station_characteristics': {'mobile_its_station': False, 'private_its_station': False, 'physical_relevant_its_station': False}, 'reference_position': {'lane': 1, 'position': [77.94, -1.6, 0], 'elevation': 0, 'heading': 0}}"
car1,413,CAM,313,15.7,15.8,"{'station_id': 0.7728887036234964, 'leader': None, 'speed': 5.0, 'station_characteristics': {'mobile_its_station': False, 'private_its_station': False, 'physical_relevant_its_station': False}, 'reference_position': {'lane': 1, 'position': [78.44, -1.6, 0], 'elevation': 0, 'heading': 0}}"
car1,414,CAM,317,15.9,16.0,"{'station_id': 0.9975316698528622, 'leader': None, 'speed': 5.0, 'station_characteristics': {'mobile_its_station': False, 'private_its_station': False, 'physical_relevant_its_station': False}, 'reference_position': {'lane': 1, 'position': [79.44, -1.6, 0], 'elevation': 0, 'heading': 0}}"
car1,413,CAM,319,16.0,16.1,"{'station_id': 0.24864273761087896, 'leader': None, 'speed': 5.0, 'station_characteristics': {'mobile_its_station': False, 'private_its_station': False, 'physical_relevant_its_station': False}, 'reference_position': {'lane': 1, 'position': [79.94, -1.6, 0], 'elevation': 0, 'heading': 0}}"
car1,414,CAM,321,16.1,16.2,"{'station_id': 0.01556986760883372, 'leader': None, 'speed': 5.0, 'station_characteristics': {'mobile_its_station': False, 'private_its_station': False, 'physical_relevant_its_station': False}, 'reference_position': {'lane': 1, 'position': [80.44, -1.6, 0], 'elevation': 0, 'heading': 0}}"
car1,414,CAM,323,16.2,16.3,"{'station_id': 0.7561948565793163, 'leader': None, 'speed': 5.0, 'station_characteristics': {'mobile_its_station': False, 'private_its_station': False, 'physical_relevant_its_station': False}, 'reference_position': {'lane': 1, 'position': [80.94, -1.6, 0], 'elevation': 0, 'heading': 0}}"
car1,413,CAM,325,16.3,16.4,"{'station_id': 0.5601839858468123, 'leader': None, 'speed': 5.0, 'station_characteristics': {'mobile_its_station': False, 'private_its_station': False, 'physical_relevant_its_station': False}, 'reference_position': {'lane': 1, 'position': [81.44, -1.6, 0], 'elevation': 0, 'heading': 0}}"
car1,413,CAM,327,16.4,16.5,"{'station_id': 0.576514117311469, 'leader': None, 'speed': 5.0, 'station_characteristics': {'mobile_its_station': False, 'private_its_station': False, 'physical_relevant_its_station': False}, 'reference_position': {'lane': 1, 'position': [81.94, -1.6, 0], 'elevation': 0, 'heading': 0}}"
car1,413,CAM,329,16.5,16.6,"{'station_id': 0.22865781599101753, 'leader': None, 'speed': 5.0, 'station_characteristics': {'mobile_its_station': False, 'private_its_station': False, 'physical_relevant_its_station': False}, 'reference_position': {'lane': 1, 'position': [82.44, -1.6, 0], 'elevation': 0, 'heading': 0}}"
car1,413,CAM,333,16.7,16.8,"{'station_id': 0.24542599471940174, 'leader': None, 'speed': 5.0, 'station_characteristics': {'mobile_its_station': False, 'private_its_station': False, 'physical_relevant_its_station': False}, 'reference_position': {'lane': 1, 'position': [83.44, -1.6, 0], 'elevation': 0, 'heading': 0}}"
car1,413,CAM,335,16.8,16.9,"{'station_id': 0.5230264728230984, 'leader': None, 'speed': 5.0, 'station_characteristics': {'mobile_its_station': False, 'private_its_station': False, 'physical_relevant_its_station': False}, 'reference_position': {'lane': 1, 'position': [83.94, -1.6, 0], 'elevation': 0, 'heading': 0}}"
car1,414,CAM,337,16.9,17.0,"{'station_id': 0.2165675431259898, 'leader': None, 'speed': 5.0, 'station_characteristics': {'mobile_its_station': False, 'private_its_station': False, 'physical_relevant_its_station': False}, 'reference_position': {'lane': 1, 'position': [84.44, -1.6, 0], 'elevation': 0, 'heading': 0}}"
car1,413,CAM,339,17.0,17.1,"{'station_id': 0.17179022870961103, 'leader': None, 'speed': 5.0, 'station_characteristics': {'mobile_its_station': False, 'private_its_station': False, 'physical_relevant_its_station': False}, 'reference_position': {'lane': 1, 'position': [84.94, -1.6, 0], 'elevation': 0, 'heading': 0}}"
car1,414,CAM,341,17.1,17.2,"{'station_id': 0.31436222857037033, 'leader': None, 'speed': 5.0, 'station_characteristics': {'mobile_its_station': False, 'private_its_station': False, 'physical_relevant_its_station': False}, 'reference_position': {'lane': 1, 'position': [85.44, -1.6, 0], 'elevation': 0, 'heading': 0}}"
car1,413,CAM,343,17.2,17.3,"{'station_id': 0.3637229719995636, 'leader': None, 'speed': 5.0, 'station_characteristics': {'mobile_its_station': False, 'private_its_station': False, 'physical_relevant_its_station': False}, 'reference_position': {'lane': 1, 'position': [85.94, -1.6, 0], 'elevation': 0, 'heading': 0}}"
car1,413,CAM,345,17.3,17.4,"{'station_id': 0.7695821106373555, 'leader': None, 'speed': 5.0, 'station_characteristics': {'mobile_its_station': False, 'private_its_station': False, 'physical_relevant_its_station': False}, 'reference_position': {'lane': 1, 'position': [86.44, -1.6, 0], 'elevation': 0, 'heading': 0}}"
car1,413,CAM,347,17.4,17.5,"{'station_id': 0.11174584842913371, 'leader': None, 'speed': 5.0, 'station_characteristics': {'mobile_its_station': False, 'private_its_station': False, 'physical_relevant_its_station': False}, 'reference_position': {'lane': 1, 'position': [86.94, -1.6, 0], 'elevation': 0, 'heading': 0}}"
car1,413,CAM,349,17.5,17.6,"{'station_id': 0.5708626080147451, 'leader': None, 'speed': 5.0, 'station_characteristics': {'mobile_its_station': False, 'private_its_station': False, 'physical_relevant_its_station': False}, 'reference_position': {'lane': 1, 'position': [87.44, -1.6, 0], 'elevation': 0, 'heading': 0}}"
car1,414,CAM,351,17.6,17.7,"{'station_id': 0.14519580002436838, 'leader': None, 'speed': 5.0, 'station_characteristics': {'mobile_its_station': False, 'private_its_station': False, 'physical_relevant_its_station': False}, 'reference_position': {'lane': 1, 'position': [87.94, -1.6, 0], 'elevation': 0, 'heading': 0}}"
car1,413,CAM,353,17.7,17.8,"{'station_id': 0.23664286039842752, 'leader': None, 'speed': 5.0, 'station_characteristics': {'mobile_its_station': False, 'private_its_station': False, 'physical_relevant_its_station': False}, 'reference_position': {'lane': 1, 'position': [88.44, -1.6, 0], 'elevation': 0, 'heading': 0}}"
car1,413,CAM,355,17.8,17.9,"{'station_id': 0.5745186543122303, 'leader': None, 'speed': 5.0, 'station_characteristics': {'mobile_its_station': False, 'private_its_station': False, 'physical_relevant_its_station': False}, 'reference_position': {'lane': 1, 'position': [88.94, -1.6, 0], 'elevation': 0, 'heading': 0}}"
car1,414,CAM,357,17.9,18.0,"{'station_id': 0.5024454597195441, 'leader': None, 'speed': 5.0, 'station_characteristics': {'mobile_its_station': False, 'private_its_station': False, 'physical_relevant_its_station': False}, 'reference_position': {'lane': 1, 'position': [89.44, -1.6, 0], 'elevation': 0, 'heading': 0}}"
car1,414,CAM,359,18.0,18.1,"{'station_id': 0.5958672260269057, 'leader': None, 'speed': 5.0, 'station_characteristics': {'mobile_its_station': False, 'private_its_station': False, 'physical_relevant_its_station': False}, 'reference_position': {'lane': 1, 'position': [89.94, -1.6, 0], 'elevation': 0, 'heading': 0}}"
car1,413,CAM,361,18.1,18.2,"{'station_id': 0.7117022826309036, 'leader': None, 'speed': 5.0, 'station_characteristics': {'mobile_its_station': False, 'private_its_station': False, 'physical_relevant_its_station': False}, 'reference_position': {'lane': 1, 'position': [90.44, -1.6, 0], 'elevation': 0, 'heading': 0}}"
car1,414,CAM,363,18.2,18.3,"{'station_id': 0.33255463093778714, 'leader': None, 'speed': 5.0, 'station_characteristics': {'mobile_its_station': False, 'private_its_station': False, 'physical_relevant_its_station': False}, 'reference_position': {'lane': 1, 'position': [90.94, -1.6, 0], 'elevation': 0, 'heading': 0}}"
car1,414,CAM,365,18.3,18.4,"{'station_id': 0.742064020970308, 'leader': None, 'speed': 5.0, 'station_characteristics': {'mobile_its_station': False, 'private_its_station': False, 'physical_relevant_its_station': False}, 'reference_position': {'lane': 1, 'position': [91.44, -1.6, 0], 'elevation': 0, 'heading': 0}}"
car1,413,CAM,367,18.4,18.5,"{'station_id': 0.6855331917133728, 'leader': None, 'speed': 5.0, 'station_characteristics': {'mobile_its_station': False, 'private_its_station': False, 'physical_relevant_its_station': False}, 'reference_position': {'lane': 1, 'position': [91.94, -1.6, 0], 'elevation': 0, 'heading': 0}}"
car1,413,CAM,369,18.5,18.6,"{'station_id': 0.6976701177594911, 'leader': None, 'speed': 5.0, 'station_characteristics': {'mobile_its_station': False, 'private_its_station': False, 'physical_relevant_its_station': False}, 'reference_position': {'lane': 1, 'position': [92.44, -1.6, 0], 'elevation': 0, 'heading': 0}}"
car1,412,CAM,371,18.6,18.7,"{'station_id': 0.4547152100524986, 'leader': None, 'speed': 5.0, 'station_characteristics': {'mobile_its_station': False, 'private_its_station': False, 'physical_relevant_its_station': False}, 'reference_position': {'lane': 1, 'position': [92.94, -1.6, 0], 'elevation': 0, 'heading': 0}}"
car1,413,CAM,373,18.7,18.8,"{'station_id': 0.7541746364252739, 'leader': None, 'speed': 5.0, 'station_characteristics': {'mobile_its_station': False, 'private_its_station': False, 'physical_relevant_its_station': False}, 'reference_position': {'lane': 1, 'position': [93.44, -1.6, 0], 'elevation': 0, 'heading': 0}}"
car1,414,CAM,375,18.8,18.9,"{'station_id': 0.008656870970376596, 'leader': None, 'speed': 5.0, 'station_characteristics': {'mobile_its_station': False, 'private_its_station': False, 'physical_relevant_its_station': False}, 'reference_position': {'lane': 1, 'position': [93.94, -1.6, 0], 'elevation': 0, 'heading': 0}}"
car1,414,CAM,377,18.9,19.0,"{'station_id': 0.9600064509133922, 'leader': None, 'speed': 5.0, 'station_characteristics': {'mobile_its_station': False, 'private_its_station': False, 'physical_relevant_its_station': False}, 'reference_position': {'lane': 1, 'position': [94.44, -1.6, 0], 'elevation': 0, 'heading': 0}}"
car1,414,CAM,379,19.0,19.1,"{'station_id': 0.21167337305068412, 'leader': None, 'speed': 5.0, 'station_characteristics': {'mobile_its_station': False, 'private_its_station': False, 'physical_relevant_its_station': False}, 'reference_position': {'lane': 1, 'position': [94.94, -1.6, 0], 'elevation': 0, 'heading': 0}}"
car1,414,CAM,381,19.1,19.2,"{'station_id': 0.9953978744295517, 'leader': None, 'speed': 5.0, 'station_characteristics': {'mobile_its_station': False, 'private_its_station': False, 'physical_relevant_its_station': False}, 'reference_position': {'lane': 1, 'position': [95.44, -1.6, 0], 'elevation': 0, 'heading': 0}}"
car1,413,CAM,383,19.2,19.3,"{'station_id': 0.22612588518357468, 'leader': None, 'speed': 5.0, 'station_characteristics': {'mobile_its_station': False, 'private_its_station': False, 'physical_relevant_its_station': False}, 'reference_position': {'lane': 1, 'position': [95.94, -1.6, 0], 'elevation': 0, 'heading': 0}}"
car1,413,CAM,385,19.3,19.4,"{'station_id': 0.7366042791314338, 'leader': None, 'speed': 5.0, 'station_characteristics': {'mobile_its_station': False, 'private_its_station': False, 'physical_relevant_its_station': False}, 'reference_position': {'lane': 1, 'position': [96.44, -1.6, 0], 'elevation': 0, 'heading': 0}}"
car1,413,CAM,387,19.4,19.5,"{'station_id': 0.08239450399708959, 'leader': None, 'speed': 5.0, 'station_characteristics': {'mobile_its_station': False, 'private_its_station': False, 'physical_relevant_its_station': False}, 'reference_position': {'lane': 1, 'position': [96.94, -1.6, 0], 'elevation': 0, 'heading': 0}}"
car1,415,CAM,389,19.5,19.6,"{'station_id': 0.8390238813443522, 'leader': None, 'speed': 5.0, 'station_characteristics': {'mobile_its_station': False, 'private_its_station': False, 'physical_relevant_its_station': False}, 'reference_position': {'lane': 1, 'position': [97.44, -1.6, 0], 'elevation': 0, 'heading': 0}}"
car1,414,CAM,391,19.6,19.7,"{'station_id': 0.016922327114335278, 'leader': None, 'speed': 5.0, 'station_characteristics': {'mobile_its_station': False, 'private_its_station': False, 'physical_relevant_its_station': False}, 'reference_position': {'lane': 1, 'position': [97.94, -1.6, 0], 'elevation': 0, 'heading': 0}}"
car1,414,CAM,393,19.7,19.8,"{'station_id': 0.5985592245467685, 'leader': None, 'speed': 5.0, 'station_characteristics': {'mobile_its_station': False, 'private_its_station': False, 'physical_relevant_its_station': False}, 'reference_position': {'lane': 1, 'position': [98.44, -1.6, 0], 'elevation': 0, 'heading': 0}}"
car1,414,CAM,395,19.8,19.9,"{'station_id': 0.768875129932661, 'leader': None, 'speed': 5.0, 'station_characteristics': {'mobile_its_station': False, 'private_its_station': False, 'physical_relevant_its_station': False}, 'reference_position': {'lane': 1, 'position': [98.94, -1.6, 0], 'elevation': 0, 'heading': 0}}"
car1,413,CAM,397,19.9,20.0,"{'station_id': 0.18110846910255507, 'leader': None, 'speed': 5.0, 'station_characteristics': {'mobile_its_station': False, 'private_its_station': False, 'physical_relevant_its_station': False}, 'reference_position': {'lane': 1, 'position': [99.44, -1.6, 0], 'elevation': 0, 'heading': 0}}"
car1,413,CAM,399,20.0,20.1,"{'station_id': 0.4268964587655768, 'leader': None, 'speed': 5.0, 'station_characteristics': {'mobile_its_station': False, 'private_its_station': False, 'physical_relevant_its_station': False}, 'reference_position': {'lane': 1, 'position': [99.94, -1.6, 0], 'elevation': 0, 'heading': 0}}"
car1,415,CAM,401,20.1,20.2,"{'station_id': 0.8028974526416709, 'leader': None, 'speed': 5.0, 'station_characteristics': {'mobile_its_station': False, 'private_its_station': False, 'physical_relevant_its_station': False}, 'reference_position': {'lane': 1, 'position': [100.34, -1.6, 0], 'elevation': 0, 'heading': 0}}"
car1,414,CAM,403,20.2,20.3,"{'station_id': 0.8901316906300727, 'leader': None, 'speed': 5.0, 'station_characteristics': {'mobile_its_station': False, 'private_its_station': False, 'physical_relevant_its_station': False}, 'reference_position': {'lane': 1, 'position': [100.84, -1.6, 0], 'elevation': 0, 'heading': 0}}"
car1,414,CAM,405,20.3,20.4,"{'station_id': 0.23220595375508324, 'leader': None, 'speed': 5.0, 'station_characteristics': {'mobile_its_station': False, 'private_its_station': False, 'physical_relevant_its_station': False}, 'reference_position': {'lane': 1, 'position': [101.34, -1.6, 0], 'elevation': 0, 'heading': 0}}"
car1,414,CAM,407,20.4,20.5,"{'station_id': 0.9481434565675244, 'leader': None, 'speed': 5.0, 'station_characteristics': {'mobile_its_station': False, 'private_its_station': False, 'physical_relevant_its_station': False}, 'reference_position': {'lane': 1, 'position': [101.84, -1.6, 0], 'elevation': 0, 'heading': 0}}"
car1,414,CAM,409,20.5,20.6,"{'station_id': 0.4339948407292883, 'leader': None, 'speed': 5.0, 'station_characteristics': {'mobile_its_station': False, 'private_its_station': False, 'physical_relevant_its_station': False}, 'reference_position': {'lane': 1, 'position': [102.34, -1.6, 0], 'elevation': 0, 'heading': 0}}"
car1,414,CAM,413,20.7,20.8,"{'station_id': 0.8023827762555316, 'leader': None, 'speed': 5.0, 'station_characteristics': {'mobile_its_station': False, 'private_its_station': False, 'physical_relevant_its_station': False}, 'reference_position': {'lane': 1, 'position': [103.34, -1.6, 0], 'elevation': 0, 'heading': 0}}"
car1,415,CAM,415,20.8,20.9,"{'station_id': 0.8287992950170062, 'leader': None, 'speed': 5.0, 'station_characteristics': {'mobile_its_station': False, 'private_its_station': False, 'physical_relevant_its_station': False}, 'reference_position': {'lane': 1, 'position': [103.84, -1.6, 0], 'elevation': 0, 'heading': 0}}"
car1,414,CAM,417,20.9,21.0,"{'station_id': 0.4385337819049543, 'leader': None, 'speed': 5.0, 'station_characteristics': {'mobile_its_station': False, 'private_its_station': False, 'physical_relevant_its_station': False}, 'reference_position': {'lane': 1, 'position': [104.34, -1.6, 0], 'elevation': 0, 'heading': 0}}"
car1,415,CAM,419,21.0,21.1,"{'station_id': 0.8197680090837219, 'leader': None, 'speed': 5.0, 'station_characteristics': {'mobile_its_station': False, 'private_its_station': False, 'physical_relevant_its_station': False}, 'reference_position': {'lane': 1, 'position': [104.84, -1.6, 0], 'elevation': 0, 'heading': 0}}"
car1,415,CAM,421,21.1,21.2,"{'station_id': 0.057619245058387, 'leader': None, 'speed': 5.0, 'station_characteristics': {'mobile_its_station': False, 'private_its_station': False, 'physical_relevant_its_station': False}, 'reference_position': {'lane': 1, 'position': [105.34, -1.6, 0], 'elevation': 0, 'heading': 0}}"
car1,414,CAM,423,21.2,21.3,"{'station_id': 0.9484712634254878, 'leader': None, 'speed': 5.0, 'station_characteristics': {'mobile_its_station': False, 'private_its_station': False, 'physical_relevant_its_station': False}, 'reference_position': {'lane': 1, 'position': [105.84, -1.6, 0], 'elevation': 0, 'heading': 0}}"
car1,414,CAM,425,21.3,21.4,"{'station_id': 0.16069838027680372, 'leader': None, 'speed': 5.0, 'station_characteristics': {'mobile_its_station': False, 'private_its_station': False, 'physical_relevant_its_station': False}, 'reference_position': {'lane': 1, 'position': [106.34, -1.6, 0], 'elevation': 0, 'heading': 0}}"
car1,415,CAM,427,21.4,21.5,"{'station_id': 0.8756248619794479, 'leader': None, 'speed': 5.0, 'station_characteristics': {'mobile_its_station': False, 'private_its_station': False, 'physical_relevant_its_station': False}, 'reference_position': {'lane': 1, 'position': [106.84, -1.6, 0], 'elevation': 0, 'heading': 0}}"
car1,414,CAM,429,21.5,21.6,"{'station_id': 0.18748473402102517, 'leader': None, 'speed': 5.0, 'station_characteristics': {'mobile_its_station': False, 'private_its_station': False, 'physical_relevant_its_station': False}, 'reference_position': {'lane': 1, 'position': [107.34, -1.6, 0], 'elevation': 0, 'heading': 0}}"
car1,415,CAM,431,21.6,21.7,"{'station_id': 0.2386497391704605, 'leader': None, 'speed': 5.0, 'station_characteristics': {'mobile_its_station': False, 'private_its_station': False, 'physical_relevant_its_station': False}, 'reference_position': {'lane': 1, 'position': [107.84, -1.6, 0], 'elevation': 0, 'heading': 0}}"
car1,414,CAM,433,21.7,21.8,"{'station_id': 0.4811572127444509, 'leader': None, 'speed': 5.0, 'station_characteristics': {'mobile_its_station': False, 'private_its_station': False, 'physical_relevant_its_station': False}, 'reference_position': {'lane': 1, 'position': [108.34, -1.6, 0], 'elevation': 0, 'heading': 0}}"
car1,414,CAM,435,21.8,21.9,"{'station_id': 0.16343054195920403, 'leader': None, 'speed': 5.0, 'station_characteristics': {'mobile_its_station': False, 'private_its_station': False, 'physical_relevant_its_station': False}, 'reference_position': {'lane': 1, 'position': [108.84, -1.6, 0], 'elevation': 0, 'heading': 0}}"
car1,415,CAM,437,21.9,22.0,"{'station_id': 0.1593395053802832, 'leader': None, 'speed': 5.0, 'station_characteristics': {'mobile_its_station': False, 'private_its_station': False, 'physical_relevant_its_station': False}, 'reference_position': {'lane': 1, 'position': [109.34, -1.6, 0], 'elevation': 0, 'heading': 0}}"
car1,415,CAM,441,22.1,22.2,"{'station_id': 0.061395282855081446, 'leader': None, 'speed': 5.0, 'station_characteristics': {'mobile_its_station': False, 'private_its_station': False, 'physical_relevant_its_station': False}, 'reference_position': {'lane': 1, 'position': [110.34, -1.6, 0], 'elevation': 0, 'heading': 0}}"
car1,415,CAM,443,22.2,22.3,"{'station_id': 0.11130979891424164, 'leader': None, 'speed': 5.0, 'station_characteristics': {'mobile_its_station': False, 'private_its_station': False, 'physical_relevant_its_station': False}, 'reference_position': {'lane': 1, 'position': [110.84, -1.6, 0], 'elevation': 0, 'heading': 0}}"
car1,414,CAM,445,22.3,22.4,"{'station_id': 0.7406998871856373, 'leader': None, 'speed': 5.0, 'station_characteristics': {'mobile_its_station': False, 'private_its_station': False, 'physical_relevant_its_station': False}, 'reference_position': {'lane': 1, 'position': [111.34, -1.6, 0], 'elevation': 0, 'heading': 0}}"
car1,415,CAM,447,22.4,22.5,"{'station_id': 0.6423153699463422, 'leader': None, 'speed': 5.0, 'station_characteristics': {'mobile_its_station': False, 'private_its_station': False, 'physical_relevant_its_station': False}, 'reference_position': {'lane': 1, 'position': [111.84, -1.6, 0], 'elevation': 0, 'heading': 0}}"
car1,413,CAM,449,22.5,22.6,"{'station_id': 0.4586444234865025, 'leader': None, 'speed': 5.0, 'station_characteristics': {'mobile_its_station': False, 'private_its_station': False, 'physical_relevant_its_station': False}, 'reference_position': {'lane': 1, 'position': [112.34, -1.6, 0], 'elevation': 0, 'heading': 0}}"
car1,414,CAM,451,22.6,22.7,"{'station_id': 0.7583762126094237, 'leader': None, 'speed': 5.0, 'station_characteristics': {'mobile_its_station': False, 'private_its_station': False, 'physical_relevant_its_station': False}, 'reference_position': {'lane': 1, 'position': [112.84, -1.6, 0], 'elevation': 0, 'heading': 0}}"
car1,414,CAM,453,22.7,22.8,"{'station_id': 0.3308889048998207, 'leader': None, 'speed': 5.0, 'station_characteristics': {'mobile_its_station': False, 'private_its_station': False, 'physical_relevant_its_station': False}, 'reference_position': {'lane': 1, 'position': [113.34, -1.6, 0], 'elevation': 0, 'heading': 0}}"
car1,415,CAM,457,22.9,23.0,"{'station_id': 0.23163780263842382, 'leader': None, 'speed': 5.0, 'station_characteristics': {'mobile_its_station': False, 'private_its_station': False, 'physical_relevant_its_station': False}, 'reference_position': {'lane': 1, 'position': [114.34, -1.6, 0], 'elevation': 0, 'heading': 0}}"
car1,414,CAM,459,23.0,23.1,"{'station_id': 0.31444936060406437, 'leader': None, 'speed': 5.0, 'station_characteristics': {'mobile_its_station': False, 'private_its_station': False, 'physical_relevant_its_station': False}, 'reference_position': {'lane': 1, 'position': [114.84, -1.6, 0], 'elevation': 0, 'heading': 0}}"
car1,414,CAM,461,23.1,23.2,"{'station_id': 0.2600463386601036, 'leader': None, 'speed': 5.0, 'station_characteristics': {'mobile_its_station': False, 'private_its_station': False, 'physical_relevant_its_station': False}, 'reference_position': {'lane': 1, 'position': [115.34, -1.6, 0], 'elevation': 0, 'heading': 0}}"
car1,414,CAM,463,23.2,23.3,"{'station_id': 0.9575520842501408, 'leader': None, 'speed': 5.0, 'station_characteristics': {'mobile_its_station': False, 'private_its_station': False, 'physical_relevant_its_station': False}, 'reference_position': {'lane': 1, 'position': [115.84, -1.6, 0], 'elevation': 0, 'heading': 0}}"
car1,415,CAM,465,23.3,23.4,"{'station_id': 0.7618060699868613, 'leader': None, 'speed': 5.0, 'station_characteristics': {'mobile_its_station': False, 'private_its_station': False, 'physical_relevant_its_station': False}, 'reference_position': {'lane': 1, 'position': [116.34, -1.6, 0], 'elevation': 0, 'heading': 0}}"
car1,414,CAM,467,23.4,23.5,"{'station_id': 0.5055420817742388, 'leader': None, 'speed': 5.0, 'station_characteristics': {'mobile_its_station': False, 'private_its_station': False, 'physical_relevant_its_station': False}, 'reference_position': {'lane': 1, 'position': [116.84, -1.6, 0], 'elevation': 0, 'heading': 0}}"
car1,414,CAM,469,23.5,23.6,"{'station_id': 0.27791242796900906, 'leader': None, 'speed': 5.0, 'station_characteristics': {'mobile_its_station': False, 'private_its_station': False, 'physical_relevant_its_station': False}, 'reference_position': {'lane': 1, 'position': [117.34, -1.6, 0], 'elevation': 0, 'heading': 0}}"
car1,414,CAM,471,23.6,23.7,"{'station_id': 0.16436299158561474, 'leader': None, 'speed': 5.0, 'station_characteristics': {'mobile_its_station': False, 'private_its_station': False, 'physical_relevant_its_station': False}, 'reference_position': {'lane': 1, 'position': [117.84, -1.6, 0], 'elevation': 0, 'heading': 0}}"
car1,414,CAM,473,23.7,23.8,"{'station_id': 0.9297684312898373, 'leader': None, 'speed': 5.0, 'station_characteristics': {'mobile_its_station': False, 'private_its_station': False, 'physical_relevant_its_station': False}, 'reference_position': {'lane': 1, 'position': [118.34, -1.6, 0], 'elevation': 0, 'heading': 0}}"
car1,414,CAM,475,23.8,23.9,"{'station_id': 0.547570050324304, 'leader': None, 'speed': 5.0, 'station_characteristics': {'mobile_its_station': False, 'private_its_station': False, 'physical_relevant_its_station': False}, 'reference_position': {'lane': 1, 'position': [118.84, -1.6, 0], 'elevation': 0, 'heading': 0}}"
car1,414,CAM,477,23.9,24.0,"{'station_id': 0.20251975121281862, 'leader': None, 'speed': 5.0, 'station_characteristics': {'mobile_its_station': False, 'private_its_station': False, 'physical_relevant_its_station': False}, 'reference_position': {'lane': 1, 'position': [119.34, -1.6, 0], 'elevation': 0, 'heading': 0}}"
car1,415,CAM,479,24.0,24.1,"{'station_id': 0.6478329752086628, 'leader': None, 'speed': 5.0, 'station_characteristics': {'mobile_its_station': False, 'private_its_station': False, 'physical_relevant_its_station': False}, 'reference_position': {'lane': 1, 'position': [119.84, -1.6, 0], 'elevation': 0, 'heading': 0}}"
car1,414,CAM,481,24.1,24.2,"{'station_id': 0.7591781051786124, 'leader': None, 'speed': 5.0, 'station_characteristics': {'mobile_its_station': False, 'private_its_station': False, 'physical_relevant_its_station': False}, 'reference_position': {'lane': 1, 'position': [120.34, -1.6, 0], 'elevation': 0, 'heading': 0}}"
car1,414,CAM,485,24.3,24.4,"{'station_id': 0.0325841313064118, 'leader': None, 'speed': 5.0, 'station_characteristics': {'mobile_its_station': False, 'private_its_station': False, 'physical_relevant_its_station': False}, 'reference_position': {'lane': 1, 'position': [121.34, -1.6, 0], 'elevation': 0, 'heading': 0}}"
car1,414,CAM,487,24.4,24.5,"{'station_id': 0.07829271665672444, 'leader': None, 'speed': 5.0, 'station_characteristics': {'mobile_its_station': False, 'private_its_station': False, 'physical_relevant_its_station': False}, 'reference_position': {'lane': 1, 'position': [121.84, -1.6, 0], 'elevation': 0, 'heading': 0}}"
car1,414,CAM,489,24.5,24.6,"{'station_id': 0.9176046171620902, 'leader': None, 'speed': 5.0, 'station_characteristics': {'mobile_its_station': False, 'private_its_station': False, 'physical_relevant_its_station': False}, 'reference_position': {'lane': 1, 'position': [122.34, -1.6, 0], 'elevation': 0, 'heading': 0}}"
car1,414,CAM,491,24.6,24.7,"{'station_id': 0.06025452591701519, 'leader': None, 'speed': 5.0, 'station_characteristics': {'mobile_its_station': False, 'private_its_station': False, 'physical_relevant_its_station': False}, 'reference_position': {'lane': 1, 'position': [122.84, -1.6, 0], 'elevation': 0, 'heading': 0}}"
car1,415,CAM,493,24.7,24.8,"{'station_id': 0.9507268761605797, 'leader': None, 'speed': 5.0, 'station_characteristics': {'mobile_its_station': False, 'private_its_station': False, 'physical_relevant_its_station': False}, 'reference_position': {'lane': 1, 'position': [123.34, -1.6, 0], 'elevation': 0, 'heading': 0}}"
car1,414,CAM,497,24.9,25.0,"{'station_id': 0.9476812069437268, 'leader': None, 'speed': 5.0, 'station_characteristics': {'mobile_its_station': False, 'private_its_station': False, 'physical_relevant_its_station': False}, 'reference_position': {'lane': 1, 'position': [124.34, -1.6, 0], 'elevation': 0, 'heading': 0}}"
car1,414,CAM,499,25.0,25.1,"{'station_id': 0.6269807448265152, 'leader': None, 'speed': 5.0, 'station_characteristics': {'mobile_its_station': False, 'private_its_station': False, 'physical_relevant_its_station': False}, 'reference_position': {'lane': 1, 'position': [124.84, -1.6, 0], 'elevation': 0, 'heading': 0}}"
car1,414,CAM,501,25.1,25.2,"{'station_id': 0.9849534550425445, 'leader': None, 'speed': 5.0, 'station_characteristics': {'mobile_its_station': False, 'private_its_station': False, 'physical_relevant_its_station': False}, 'reference_position': {'lane': 1, 'position': [125.34, -1.6, 0], 'elevation': 0, 'heading': 0}}"
car1,414,CAM,503,25.2,25.3,"{'station_id': 0.8928685870973068, 'leader': None, 'speed': 5.0, 'station_characteristics': {'mobile_its_station': False, 'private_its_station': False, 'physical_relevant_its_station': False}, 'reference_position': {'lane': 1, 'position': [125.84, -1.6, 0], 'elevation': 0, 'heading': 0}}"
car1,414,CAM,505,25.3,25.4,"{'station_id': 0.47231557118084944, 'leader': None, 'speed': 5.0, 'station_characteristics': {'mobile_its_station': False, 'private_its_station': False, 'physical_relevant_its_station': False}, 'reference_position': {'lane': 1, 'position': [126.34, -1.6, 0], 'elevation': 0, 'heading': 0}}"
car1,413,CAM,509,25.5,25.6,"{'station_id': 0.021972602267996022, 'leader': None, 'speed': 5.0, 'station_characteristics': {'mobile_its_station': False, 'private_its_station': False, 'physical_relevant_its_station': False}, 'reference_position': {'lane': 1, 'position': [127.34, -1.6, 0], 'elevation': 0, 'heading': 0}}"
car1,414,CAM,511,25.6,25.7,"{'station_id': 0.4721482568179305, 'leader': None, 'speed': 5.0, 'station_characteristics': {'mobile_its_station': False, 'private_its_station': False, 'physical_relevant_its_station': False}, 'reference_position': {'lane': 1, 'position': [127.84, -1.6, 0], 'elevation': 0, 'heading': 0}}"
car1,415,CAM,513,25.7,25.8,"{'station_id': 0.6280875154924727, 'leader': None, 'speed': 5.0, 'station_characteristics': {'mobile_its_station': False, 'private_its_station': False, 'physical_relevant_its_station': False}, 'reference_position': {'lane': 1, 'position': [128.34, -1.6, 0], 'elevation': 0, 'heading': 0}}"
car1,413,CAM,515,25.8,25.9,"{'station_id': 0.6325041900913354, 'leader': None, 'speed': 5.0, 'station_characteristics': {'mobile_its_station': False, 'private_its_station': False, 'physical_relevant_its_station': False}, 'reference_position': {'lane': 1, 'position': [128.84, -1.6, 0], 'elevation': 0, 'heading': 0}}"
car1,414,CAM,517,25.9,26.0,"{'station_id': 0.11929446592563953, 'leader': None, 'speed': 5.0, 'station_characteristics': {'mobile_its_station': False, 'private_its_station': False, 'physical_relevant_its_station': False}, 'reference_position': {'lane': 1, 'position': [129.34, -1.6, 0], 'elevation': 0, 'heading': 0}}"
car1,414,CAM,519,26.0,26.1,"{'station_id': 0.388533889165549, 'leader': None, 'speed': 5.0, 'station_characteristics': {'mobile_its_station': False, 'private_its_station': False, 'physical_relevant_its_station': False}, 'reference_position': {'lane': 1, 'position': [129.84, -1.6, 0], 'elevation': 0, 'heading': 0}}"
car1,414,CAM,521,26.1,26.2,"{'station_id': 0.07544947814137637, 'leader': None, 'speed': 5.0, 'station_characteristics': {'mobile_its_station': False, 'private_its_station': False, 'physical_relevant_its_station': False}, 'reference_position': {'lane': 1, 'position': [130.34, -1.6, 0], 'elevation': 0, 'heading': 0}}"
car1,414,CAM,523,26.2,26.3,"{'station_id': 0.49853120829378295, 'leader': None, 'speed': 5.0, 'station_characteristics': {'mobile_its_station': False, 'private_its_station': False, 'physical_relevant_its_station': False}, 'reference_position': {'lane': 1, 'position': [130.84, -1.6, 0], 'elevation': 0, 'heading': 0}}"
